source,target,weight,int
BMDC-CORE-01,BMDC-EGSW-IC-01,1,Eth1/10
BMDC-CORE-02,BMDC-EGSW-IC-01,1,Eth1/10
BMDC-CORE-01,BMDC-DIST-MT1,1,Eth1/11
BMDC-CORE-02,BMDC-EGSW-EC-01,1,Eth1/11
BMDC-CORE-01,BMDC-CORE-02,1,Eth1/12
BMDC-CORE-02,BMDC-EGSW-EC-01,1,Eth1/12
BMDC-CORE-01,BMDC-CORE-02,1,Eth1/13
BMDC-CORE-02,BMDC-EGSW-EXT-01,1,Eth1/13
BMDC-CORE-01,BMDC-EGSW-WAN,1,Eth1/15
BMDC-CORE-02,BMDC-EGSW-WAN,1,Eth1/15
BMDC-CORE-01,BMDC-OTV-01,1,Eth1/16
BMDC-CORE-02,BMDC-DIST-MT1,1,Eth1/16
BMDC-AGGSVR-01,BMDC-AGGSVR-02,1,Eth1/18
BMDC-AGGSVR-01,BMDC-AGGSVR-02,1,Eth1/20
BMDC-AGGSVR-01,BMDC-ACCSVR-N9K-RAKC1,1,Eth1/21
BMDC-AGGSVR-01,BMDC-AGGSVR-02,1,Eth1/22
BMDC-AGGSVR-01,BMDC-AGGSVR-02,1,Eth1/24
BMDC-AGGSVR-01,BMDC-OTV-01,1,Eth1/28
BMDC-AGGSVR-02,SW-RAKC4-15,1,Eth1/28
BMDC-CORE-01,BMDC-OTV-01,1,Eth1/3
BMDC-CORE-02,BMDC-CORE-01,1,Eth1/3
BMDC-AGGSVR-01,SW-RAKC4-15,1,Eth1/30
BMDC-AGGSVR-02,BMDC-ACCSVR-N9K-RAKC1,1,Eth1/30
BMDC-AGGSVR-02,BMDC-ACCSVR-N9K-RAKD1,1,Eth1/31
BMDC-AGGSVR-01,BMDC-OTV-01,1,Eth1/35
BMDC-AGGSVR-02,BMDC-AGGSVR-01,1,Eth1/35
BMDC-AGGSVR-02,BMDC-AGGSVR-01,1,Eth1/36
BMDC-AGGSVR-02,BMDC-AGGSVR-01,1,Eth1/37
BMDC-AGGSVR-01,BMDC-ACCSVR-N9K-RAKD1,1,Eth1/38
BMDC-AGGSVR-02,BMDC-AGGSVR-01,1,Eth1/38
BMDC-CORE-01,BMDC-EGSW-DEV-01,1,Eth1/4
BMDC-AGGSVR-01,BMDC-SW-RAK-D1,1,Eth1/40
BMDC-AGGSVR-02,BMDC-OTV-02,1,Eth1/40
BMDC-OTV-01,BMDC-CORE-01,1,Eth1/41
BMDC-OTV-02,BMDC-CORE-02,1,Eth1/41
BMDC-OTV-01,BMDC-CORE-01,1,Eth1/42
BMDC-OTV-02,BMDC-CORE-02,1,Eth1/42
BMDC-OTV-01,BMDC-AGGSVR-01,1,Eth1/43
BMDC-OTV-01,BMDC-AGGSVR-01,1,Eth1/44
BMDC-OTV-02,BMDC-AGGSVR-02,1,Eth1/44
BMDC-ACCSVR-N9K-RAKC1,BMDC-AGGSVR-02,1,Eth1/49
BMDC-ACCSVR-N9K-RAKD1,BMDC-AGGSVR-01,1,Eth1/49
BMDC-CORE-01,BMDC-EGSW-EXT-01,1,Eth1/5
BMDC-CORE-02,BMDC-OTV-02,1,Eth1/5
BMDC-ACCSVR-N9K-RAKC1,BMDC-AGGSVR-01,1,Eth1/50
BMDC-ACCSVR-N9K-RAKD1,BMDC-AGGSVR-02,1,Eth1/50
BMDC-CORE-02,BMDC-OTV-02,1,Eth1/6
BMDC-CORE-02,BMDC-EGSW-DEV-01,1,Eth1/7
BMDC-CORE-01,BMDC-EGSW-EC-01,1,Eth1/8
BMDC-CORE-02,BMDRC-CORE01,1,Eth1/8
BMDC-CORE-01,BMDC-EGSW-EC-01,1,Eth1/9
BMDC-CORE-02,BMDC-CORE-01,1,Eth1/9
BMDC-AGGSVR-01,SW-TORBIFDC-01,1,Eth101/1/1
BMDC-AGGSVR-02,SW-TORBIFDC-01,1,Eth101/1/1
BMDC-AGGSVR-01,SW-TORBIFDC-01,1,Eth101/1/2
BMDC-AGGSVR-02,SW-TORBIFDC-01,1,Eth101/1/2
BMDC-AGGSVR-01,SW-TORBIFDC-02,1,Eth101/1/3
BMDC-AGGSVR-02,SW-TORBIFDC-02,1,Eth101/1/3
BMDC-AGGSVR-01,SW-TORBIFDC-02,1,Eth101/1/4
BMDC-AGGSVR-02,SW-TORBIFDC-02,1,Eth101/1/4
BMDC-AGGSVR-01,a46c2aebfda4,1,Eth104/1/5
BMDC-AGGSVR-02,a46c2aebfda4,1,Eth104/1/5
BMDRC-CORE01,BMDRC-EDGE01,1,Eth3/10
BMDRC-CORE01,BMDRC-AGGRSVR01,1,Eth3/2
BMDRC-OTV01,BMDRC-CORE01,1,Eth3/21
BMDRC-OTV01,BMDRC-AGGRSVR01,1,Eth3/22
BMDRC-AGGRSVR01,BMDRC-CORE01,1,Eth3/25
BMDRC-AGGRSVR01,BMDRC-ACCSVR01-RAK-D07,1,Eth3/26
BMDRC-AGGRSVR01,BMDRC-ACCSVR02-RAK-D06,1,Eth3/27
BMDRC-AGGRSVR01,BMDRC-OTV01,1,Eth3/28
BMDRC-AGGRSVR01,BMDRC-ACCSVR-RAKC5,1,Eth3/29
BMDRC-AGGRSVR01,BMDRC-ACCSVR04-RAKC6,1,Eth3/30
BMDRC-CORE01,BMDRC-OTV01,1,Eth3/8
BMDRC-CORE01,BMDC-CORE-02,1,Eth4/1
BMDRC-CORE01,BMDRC-EDGE01,1,Eth4/10
BMDRC-CORE01,BMDRC-AGGRSVR01,1,Eth4/2
BMDRC-OTV01,BMDRC-CORE01,1,Eth4/21
BMDRC-OTV01,BMDRC-AGGRSVR01,1,Eth4/22
BMDRC-AGGRSVR01,BMDRC-CORE01,1,Eth4/25
BMDRC-AGGRSVR01,BMDRC-ACCSVR01-RAK-D07,1,Eth4/26
BMDRC-AGGRSVR01,BMDRC-ACCSVR02-RAK-D06,1,Eth4/27
BMDRC-AGGRSVR01,BMDRC-OTV01,1,Eth4/28
BMDRC-AGGRSVR01,BMDRC-ACCSVR-RAKC5,1,Eth4/29
BMDRC-AGGRSVR01,BMDRC-ACCSVR04-RAKC6,1,Eth4/30
BMDRC-CORE01,BMDRC-OTV01,1,Eth4/8
BMDC-EC-IC-IB-OUT,BMDC-SW-MGMT-RAK-B1,1,Fas 0
BMDC-F5-ISP-OUT,BMDC-SW-DATACENTER,1,Fas 0
BMDC-RAK-D1-DEV,BMDC-SW-MGMT-RAK-B1,1,Fas 0
BMDC-SW-EC-DMZ,BMDC-SW-MGMT-RAK-B1,1,Fas 0
BMDC-SW-EXT-DMZ,BMDC-SW-DATACENTER,1,Fas 0
BMDC-SW-EXT-OUT,BMDC-MGMT-A3,1,Fas 0
BMDC-SW-IC-DMZ,BMDC-SW-DATACENTER,1,Fas 0
BMDC-SW-ISP-EC,BMDC-SW-DATACENTER,1,Fas 0
BMDC-SW-RAK-D1,BMDC-SW-MGMT-RAK-B1,1,Fas 0
BMDRC-ACCSVR-RAKC5,BMDRC-ACCSVR01-RAK-D07,1,Fas 0
BMDRC-ACCSVR02-RAK-D06,BMDRC-ACCSVR01-RAK-D07,1,Fas 0
BMDRC-ACCSVR04-RAKC6,BMDRC-ACCSVR01-RAK-D07,1,Fas 0
BMDRC-EXT-INT-RAK-D7,BMDRC-ACCSVR01-RAK-D07,1,Fas 0
BMDRC-SW-EC-DMZ-RAKC6,BMDRC-ACCSVR01-RAK-D07,1,Fas 0
BMDRC-SW-EC-OUT,BMDRC-ACCSVR01-RAK-D07,1,Fas 0
SW-JTPM,BMDC-MGMT-A3,1,Fas 0
SW-RAKC4-15,BMDC-SW-MGMT-RAK-B1,1,Fas 0
MYPD-STARLINK,BMDC-SW-EXT-OUT,1,Fas 0/1/0
BMDRC-RTRH2H01,BMDRC-EXT-INT-RAK-D7,1,Fas 0/1/1
MYPD-STARLINK,BMDC-MGMT-A3,1,Fas 0/1/1
BMDRC-RTRH2H01,BMDRC-EXT-INT-RAK-D7,1,Fas 0/2/0
BMDRC-RTRH2H01,DRC-MAYAPADA-SD-LA,1,Fas 0/3/0
BMDRC-RTRH2H01,DRC-MAYAPADA-SD-TLK,1,Fas 0/3/1
BMDC-EC-RTR-01,BMDC-MGMT-A3,1,Gig 0
BMDC-EC-RTR-IB,BMDC-MGMT-A3,1,Gig 0
BMDC-P2P-01,BMDC-MGMT-A3,1,Gig 0
BMDC-P2P-02,BMDC-MGMT-A3,1,Gig 0
BMDC-RTRWAN-01,BMDC-MGMT-A3,1,Gig 0
BMDC-RTRWAN-03,BMDC-MGMT-A3,1,Gig 0
BMDRC-RTR-EC-01,BMDRC-ACCSVR01-RAK-D07,1,Gig 0
BMDRC-RTRWAN01,BMDRC-ACCSVR01-RAK-D07,1,Gig 0
MYPD-BH-EXT-DIMO,BMDC-MGMT-A3,1,Gig 0
MYPD-SGO,BMDC-MGMT-A3,1,Gig 0
MYPD-TIFHONE,BMDC-MGMT-A3,1,Gig 0
BMDC-DIST-MT1,BMDC-SW-DATACENTER,1,Gig 0/0
BMDC-EGSW-EC-01,BMDC-SW-MGMT-RAK-B1,1,Gig 0/0
BMDC-EGSW-EXT-01,BMDC-SW-MGMT-RAK-B1,1,Gig 0/0
BMDC-EGSW-IC-01,BMDC-SW-MGMT-RAK-B1,1,Gig 0/0
BMDC-EGSW-WAN,BMDC-SW-MGMT-RAK-B1,1,Gig 0/0
BMDRC-EDGE01,BMDRC-ACCSVR01-RAK-D07,1,Gig 0/0
BMDRC-RTRH2H01,BMDRC-EDGE01,1,Gig 0/0
BMDC-P2P-01,BMDC-EGSW-WAN,1,Gig 0/0/0
BMDC-P2P-02,BMDC-EGSW-WAN,1,Gig 0/0/0
BMDC-RTRWAN-01,BMDC-EGSW-WAN,1,Gig 0/0/0
BMDC-RTRWAN-03,BMDC-EGSW-WAN,1,Gig 0/0/0
BMDRC-RTRWAN01,BMDRC-EDGE01,1,Gig 0/0/0
BMDC-P2P-01,CORE-MT2,1,Gig 0/0/1
BMDC-P2P-02,CORE-MT2,1,Gig 0/0/1
BMDRC-RTRWAN01,BMDRC-EDGE01,1,Gig 0/0/1
MYPD-SGO,BMDC-P2P-01,1,Gig 0/0/1
BMDC-P2P-01,MikroTik,1,Gig 0/0/2
BMDC-P2P-01,CCPL-RTR,1,Gig 0/0/2
BMDC-P2P-01,MYPD-SGO,1,Gig 0/0/3
BMDRC-RTRH2H01,BMDRC-ACCSVR01-RAK-D07,1,Gig 0/1
CCPL-RTR,CCPL-CORE-SW,1,Gig 0/1/0
MYPD-ARTAJASA,BMDC-SW-EXT-OUT,1,Gig 0/1/0
MYPD-FINNET,BMDC-SW-EXT-OUT,1,Gig 0/1/0
MYPD-SGO,BMDC-SW-EXT-OUT,1,Gig 0/1/0
MYPD-TIFHONE,BMDC-SW-EXT-OUT,1,Gig 0/1/0
MYPD-BH-EXT-DIMO,BMDC-SW-EXT-OUT,1,Gig 0/1/1
BMDRC-RTRH2H01,BMDRC-EDGE01,1,Gig 0/2
BMDC-DEV-DMZ-SW-C4,BMDC-DEV-RAKC1,1,Gig 1/0/1
BMDC-EGSW-WAN,BMDC-RTRWAN-01,1,Gig 1/0/1
BMDC-MGMT-A3,BMDC-RTRWAN-01,1,Gig 1/0/1
BMDC-RAK-D1-DEV,BMDC-DEV-DMZ-SW-C4,1,Gig 1/0/1
BMDRC-EXT-INT-RAK-D7,BANKMAYA-RT,1,Gig 1/0/1
CCPL-CORE-SW,CCPL-RTR,1,Gig 1/0/1
CORE-MT2,BMDC-P2P-01,1,Gig 1/0/1
BMDC-DIST-MT1,BMDC-SW-LT2-NEW,1,Gig 1/0/10
BMDC-SW-EXT-OUT,BMDC-DJP-B,1,Gig 1/0/10
BMDC-DIST-MT1,BMDC-ASSW-L3M1-01,1,Gig 1/0/11
BMDC-MGMT-A3,MYPD-BH-EXT-DIMO,1,Gig 1/0/11
BMDC-SW-EXT-OUT,ITBACKUP-ALTERRA,1,Gig 1/0/11
BMDRC-EDGE01,BMDRC-RTRWAN01,1,Gig 1/0/11
CORE-MT2,SW-MT2-IT1,1,Gig 1/0/11
BMDC-DIST-MT1,BMDC-ASSW-L3M1-01,1,Gig 1/0/12
BMDC-MGMT-A3,BMDC-SW-EXT-OUT,1,Gig 1/0/12
BMDC-SW-DATACENTER,BMDC-SW-ISP-EC,1,Gig 1/0/12
BMDRC-EDGE01,BMDRC-RTRWAN01,1,Gig 1/0/12
BMDC-DIST-MT1,BMDC-ASSW-GFM1-01,1,Gig 1/0/13
BMDC-MGMT-A3,MYPD-DUKCAPIL,1,Gig 1/0/13
BMDC-SW-EXT-OUT,RO2-AWS-TO-NTT,1,Gig 1/0/13
CCPL-CORE-SW,CCPL-SW-01,1,Gig 1/0/13
CORE-MT2,SW-MT2-IT2,1,Gig 1/0/13
BMDC-DIST-MT1,BMDC-ASSW-GFM1-01,1,Gig 1/0/14
BMDC-MGMT-A3,MYPD-STARLINK,1,Gig 1/0/14
BMDC-SW-EXT-OUT,RO1-AWS-TO-DCI,1,Gig 1/0/14
BMDC-SW-MGMT-RAK-B1,BMDC-NX-02-Admin,1,Gig 1/0/14
BMDC-SW-MGMT-RAK-B1,BMDC-CORE-02,1,Gig 1/0/14
BMDC-SW-MGMT-RAK-B1,BMDC-AGGSVR-02,1,Gig 1/0/14
BMDC-SW-MGMT-RAK-B1,BMDC-OTV-02,1,Gig 1/0/14
CCPL-CORE-SW,CCPL-SW-01,1,Gig 1/0/14
CORE-MT2,MT2-LT15-03,1,Gig 1/0/14
BMDC-DIST-MT1,BMDC-ASSW-L1M1-KIRI,1,Gig 1/0/15
BMDC-SW-MGMT-RAK-B1,BMDC-ACCSVR-N9K-RAKD1,1,Gig 1/0/15
CCPL-CORE-SW,CCPL-SW-02,1,Gig 1/0/15
CORE-MT2,MT2-LT15-04,1,Gig 1/0/15
BMDC-DIST-MT1,BMDC-ASSW-L1M1-KIRI,1,Gig 1/0/16
BMDC-F5-ISP-OUT,BMDC-F5-ISP-OUT,1,Gig 1/0/16
BMDC-SW-MGMT-RAK-B1,BMDC-SW-RAK-D1,1,Gig 1/0/16
CCPL-CORE-SW,CCPL-SW-02,1,Gig 1/0/16
CORE-MT2,MT2-LT10-SW-01,1,Gig 1/0/16
BMDC-DIST-MT1,BMDC-ASSW-GFM1-01,1,Gig 1/0/17
BMDC-SW-MGMT-RAK-B1,BMDC-ACCSVR-N9K-RAKC1,1,Gig 1/0/17
CCPL-CORE-SW,CCPL-SW-03,1,Gig 1/0/17
CORE-MT2,MT2-LT10-SW-02,1,Gig 1/0/17
CCPL-CORE-SW,CCPL-SW-03,1,Gig 1/0/18
CORE-MT2,MT2-LT10-SW-03,1,Gig 1/0/18
BMDC-SW-EXT-OUT,SW-JTPM,1,Gig 1/0/19
BMDC-SW-MGMT-RAK-B1,BMDC-RAK-D1-DEV,1,Gig 1/0/19
CCPL-CORE-SW,CCPL-SW-04,1,Gig 1/0/19
CORE-MT2,MT2-LT10-SW-04,1,Gig 1/0/19
BMDC-DEV-DMZ-SW-C4,BMDC-DEV-RAKC1,1,Gig 1/0/2
BMDC-DIST-MT1,BMDC-SW-LT2-NEW,1,Gig 1/0/2
BMDC-EGSW-WAN,BMDC-P2P-01,1,Gig 1/0/2
BMDC-MGMT-A3,BMDC-RTRWAN-03,1,Gig 1/0/2
BMDC-RAK-D1-DEV,BMDC-DEV-DMZ-SW-C4,1,Gig 1/0/2
BMDC-SW-DATACENTER,BMDC-DEV-DMZ-SW-C4,1,Gig 1/0/2
CORE-MT2,BMDC-P2P-02,1,Gig 1/0/2
BMDC-SW-EXT-OUT,SW-JTPM,1,Gig 1/0/20
CORE-MT2,MT2-LT10-SW-05,1,Gig 1/0/20
BMDC-DIST-MT1,BMDC-SW-DATACENTER,1,Gig 1/0/21
CCPL-CORE-SW,CCPL-SW-05,1,Gig 1/0/21
BMDC-DIST-MT1,BMDC-SW-DATACENTER,1,Gig 1/0/22
BMDC-SW-MGMT-RAK-B1,BMDC-SW-EC-DMZ,1,Gig 1/0/22
CCPL-CORE-SW,CCPL-SW-05,1,Gig 1/0/22
CORE-MT2,MT2-LT10-SW-06,1,Gig 1/0/22
SW-JTPM,BMDC-SW-EXT-OUT,1,Gig 1/0/22
BMDC-ASSW-L1M1-KANAN,BMDC-DIST-MT1,1,Gig 1/0/23
BMDC-ASSW-L1M1-KIRI,BMDC-DIST-MT1,1,Gig 1/0/23
BMDC-DIST-MT1,BMDC-SW-MGMT-RAK-B1,1,Gig 1/0/23
BMDC-EGSW-EC-01,BMDC-CORE-01,1,Gig 1/0/23
BMDC-EGSW-EXT-01,BMDC-CORE-01,1,Gig 1/0/23
BMDC-EGSW-IC-01,BMDC-CORE-01,1,Gig 1/0/23
BMDC-EGSW-WAN,BMDC-CORE-01,1,Gig 1/0/23
BMDC-SW-DATACENTER,BMDC-SW-IC-DMZ,1,Gig 1/0/23
BMDC-SW-EXT-OUT,MYPD-DUKCAPIL,1,Gig 1/0/23
BMDRC-EDGE01,BMDRC-CORE01,1,Gig 1/0/23
BMDRC-EXT-INT-RAK-D7,RO1-BMI-UPH-TO-NTT,1,Gig 1/0/23
BMDC-ASSW-L1M1-KANAN,BMDC-DIST-MT1,1,Gig 1/0/24
BMDC-ASSW-L1M1-KIRI,BMDC-DIST-MT1,1,Gig 1/0/24
BMDC-DIST-MT1,BMDC-SW-MGMT-RAK-B1,1,Gig 1/0/24
BMDC-EGSW-EC-01,BMDC-CORE-02,1,Gig 1/0/24
BMDC-EGSW-EXT-01,BMDC-CORE-02,1,Gig 1/0/24
BMDC-EGSW-IC-01,BMDC-CORE-02,1,Gig 1/0/24
BMDC-EGSW-WAN,BMDC-CORE-02,1,Gig 1/0/24
BMDRC-EDGE01,BMDRC-CORE01,1,Gig 1/0/24
BMDRC-EXT-INT-RAK-D7,RO2-BMI-UPH-TO-DCI,1,Gig 1/0/24
BMDC-DEV-DMZ-SW-C4,BMDC-RAK-D1-DEV,1,Gig 1/0/25
BMDC-SW-EXT-OUT,MYPD-BI,1,Gig 1/0/25
BMDC-SW-MGMT-RAK-B1,BMDC-EGSW-EC-01,1,Gig 1/0/25
BMDC-DEV-DMZ-SW-C4,BMDC-RAK-D1-DEV,1,Gig 1/0/26
BMDC-SW-EXT-OUT,ISR-IT-BACKUP,1,Gig 1/0/26
BMDC-DEV-DMZ-SW-C4,BMDC-RAK-D1-DEV,1,Gig 1/0/27
BMDC-SW-EXT-OUT,SW-JTPM,1,Gig 1/0/27
BMDC-SW-MGMT-RAK-B1,BMDC-EC-IC-IB-OUT,1,Gig 1/0/27
BMDC-DEV-DMZ-SW-C4,BMDC-RAK-D1-DEV,1,Gig 1/0/28
BMDC-SW-EXT-OUT,MYPD-KEMENKEU,1,Gig 1/0/28
BMDC-DEV-DMZ-SW-C4,BMDC-RAK-D1-DEV,1,Gig 1/0/29
BMDC-SW-EXT-OUT,MYPD-TIFHONE,1,Gig 1/0/29
BMDC-DIST-MT1,BMDC-ASSW-L1M1-KANAN,1,Gig 1/0/3
BMDC-RAK-D1-DEV,BMDC-DEV-DMZ-SW-C4,1,Gig 1/0/3
CORE-MT2,SW-MT2-SVR,1,Gig 1/0/3
SW-JTPM,BMDC-SW-EXT-OUT,1,Gig 1/0/3
BMDC-DEV-DMZ-SW-C4,BMDC-RAK-D1-DEV,1,Gig 1/0/30
BMDC-SW-DATACENTER,BMDC-SW-EXT-DMZ,1,Gig 1/0/30
BMDC-SW-EXT-OUT,MYPD-STARLINK,1,Gig 1/0/30
BMDC-SW-MGMT-RAK-B1,BMDC-EGSW-IC-01,1,Gig 1/0/30
BMDC-SW-DATACENTER,BMDC-DIST-MT1,1,Gig 1/0/31
BMDC-SW-EXT-OUT,MYPD-FINNET,1,Gig 1/0/32
BMDC-SW-EXT-OUT,EFT-MAYAPADA-TOWER,1,Gig 1/0/33
BMDC-SW-MGMT-RAK-B1,BMDC-EGSW-WAN,1,Gig 1/0/33
BMDRC-ACCSVR-RAKC5,SW-TORBIFDRC-01,1,Gig 1/0/33
BMDC-ASSW-GFM1-01,BMDC-DIST-MT1,1,Gig 1/0/34
BMDC-SW-DATACENTER,BMDC-DEV-RAKC1,1,Gig 1/0/34
BMDC-SW-EXT-OUT,MYPD-ARTAJASA,1,Gig 1/0/34
BMDRC-ACCSVR-RAKC5,SW-TORBIFDRC-01,1,Gig 1/0/34
BMDRC-ACCSVR01-RAK-D07,BMDRC-RTR-EC-01,1,Gig 1/0/34
BMDC-SW-DATACENTER,BMDC-F5-ISP-OUT,1,Gig 1/0/35
BMDC-SW-EXT-OUT,MYPD-SGO,1,Gig 1/0/35
BMDRC-ACCSVR-RAKC5,SW-TORBIFDRC-02,1,Gig 1/0/35
BMDRC-ACCSVR01-RAK-D07,BMDRC-SW-EC-OUT,1,Gig 1/0/35
BMDC-SW-MGMT-RAK-B1,BMDC-EGSW-EXT-01,1,Gig 1/0/36
BMDRC-ACCSVR-RAKC5,SW-TORBIFDRC-02,1,Gig 1/0/36
BMDRC-ACCSVR01-RAK-D07,BMDRC-SW-EC-DMZ-RAKC6,1,Gig 1/0/36
MT2-LT15-04,SW-MT2-16-01,1,Gig 1/0/36
BMDC-MGMT-A3,BMDC-EGSW-DEV-01,1,Gig 1/0/37
BMDRC-ACCSVR01-RAK-D07,BMDRC-ACCSVR-RAKC5,1,Gig 1/0/37
BMDRC-EXT-INT-RAK-D7,EFT-DRC-MAYAPADA,1,Gig 1/0/37
MT2-LT15-04,MT2-LT16-02,1,Gig 1/0/37
BMDRC-ACCSVR01-RAK-D07,BMDRC-ACCSVR04-RAKC6,1,Gig 1/0/38
BMDRC-EXT-INT-RAK-D7,BMDRC-RTRH2H01,1,Gig 1/0/38
MT2-LT15-04,SW-MT2-16-03,1,Gig 1/0/38
BMDRC-ACCSVR01-RAK-D07,BMDRC-ACCSVR02-RAK-D06,1,Gig 1/0/39
BMDC-DIST-MT1,BMDC-ASSW-L1M1-KANAN,1,Gig 1/0/4
BMDC-MGMT-A3,SW-JTPM,1,Gig 1/0/4
BMDC-RAK-D1-DEV,BMDC-DEV-DMZ-SW-C4,1,Gig 1/0/4
CORE-MT2,SW-MT2-LT9,1,Gig 1/0/4
SW-JTPM,BMDC-SW-EXT-OUT,1,Gig 1/0/4
BMDC-MGMT-A3,BMDC-P2P-02,1,Gig 1/0/40
BMDRC-ACCSVR01-RAK-D07,BMDRC-RTRWAN01,1,Gig 1/0/40
BMDRC-EXT-INT-RAK-D7,BMDRC-RTRH2H01,1,Gig 1/0/40
BMDC-EC-SW-IB-CP,BMDC-SW-MGMT-RAK-B1,1,Gig 1/0/41
BMDC-SW-MGMT-RAK-B1,BMDC-OTV-01,1,Gig 1/0/42
BMDC-SW-MGMT-RAK-B1,BMDC-EDGE-01,1,Gig 1/0/42
BMDC-SW-MGMT-RAK-B1,BMDC-CORE-01,1,Gig 1/0/42
BMDC-SW-MGMT-RAK-B1,BMDC-NX-01-Admin,1,Gig 1/0/42
BMDC-SW-MGMT-RAK-B1,BMDC-AGGSVR-01,1,Gig 1/0/42
BMDC-MGMT-A3,BMDC-EC-RTR-IB,1,Gig 1/0/43
BMDRC-ACCSVR01-RAK-D07,BMDRC-EXT-INT-RAK-D7,1,Gig 1/0/43
BMDC-DEV-DMZ-SW-C4,BMDC-SW-DATACENTER,1,Gig 1/0/44
BMDC-MGMT-A3,BMDC-EC-RTR-01,1,Gig 1/0/44
SW-MT2-IT2,MikroTik,1,Gig 1/0/44
BMDC-MGMT-A3,MYPD-LINKNET-IB,1,Gig 1/0/45
BMDC-SW-DATACENTER,BMDC-SW-LT2-NEW,1,Gig 1/0/45
BMDRC-ACCSVR01-RAK-D07,BMDRC-RTRH2H01,1,Gig 1/0/45
SW-MT2-SVR,MT2-DEV-DMZ1,1,Gig 1/0/45
BMDC-EC-SW-DMZIB-T1,BMDC-SW-MGMT-RAK-B1,1,Gig 1/0/46
BMDC-EC-SW-DMZIB-T2,BMDC-SW-MGMT-RAK-B1,1,Gig 1/0/46
BMDC-MGMT-A3,BMDC-P2P-01,1,Gig 1/0/46
BMDRC-ACCSVR01-RAK-D07,BMDRC-EDGE01,1,Gig 1/0/46
BMDC-ASSW-GFM1-01,BMDC-DIST-MT1,1,Gig 1/0/47
BMDC-ASSW-L3M1-01,BMDC-DIST-MT1,1,Gig 1/0/47
BMDC-CZ-DMZ-01,BMDC-DIST-MT1,1,Gig 1/0/47
BMDC-SW-DATACENTER,BMDC-DIST-MT1,1,Gig 1/0/47
BMDC-SW-MGMT-RAK-B1,BMDC-DIST-MT1,1,Gig 1/0/47
BMDC-SW-RAK-D1,BMDC-AGGSVR-01,1,Gig 1/0/47
BMDRC-ACCSVR-RAKC5,BMDRC-AGGRSVR01,1,Gig 1/0/47
BMDRC-ACCSVR01-RAK-D07,BMDRC-OTV01,1,Gig 1/0/47
BMDRC-ACCSVR01-RAK-D07,BMDRC-AGGRSVR01,1,Gig 1/0/47
BMDRC-ACCSVR01-RAK-D07,BMDRC-N7KADM,1,Gig 1/0/47
BMDRC-ACCSVR01-RAK-D07,BMDRC-CORE01,1,Gig 1/0/47
BMDRC-ACCSVR02-RAK-D06,BMDRC-AGGRSVR01,1,Gig 1/0/47
BMDRC-ACCSVR04-RAKC6,BMDRC-AGGRSVR01,1,Gig 1/0/47
CCPL-SW-01,CCPL-CORE-SW,1,Gig 1/0/47
CCPL-SW-02,CCPL-CORE-SW,1,Gig 1/0/47
CCPL-SW-03,CCPL-CORE-SW,1,Gig 1/0/47
CCPL-SW-05,CCPL-CORE-SW,1,Gig 1/0/47
SW-MT2-16-01,MT2-LT15-04,1,Gig 1/0/47
SW-MT2-16-03,MT2-LT15-04,1,Gig 1/0/47
SW-MT2-21-04,CORE-MT2,1,Gig 1/0/47
SW-MT2-AUDIT2,SW-MT2-HRD,1,Gig 1/0/47
SW-MT2-HRD,SW-MT2-AUDIT2,1,Gig 1/0/47
SW-MT2-IT1,CORE-MT2,1,Gig 1/0/47
SW-RAKC4-15,BMDC-AGGSVR-01,1,Gig 1/0/47
BMDC-ASSW-GFM1-01,BMDC-DIST-MT1,1,Gig 1/0/48
BMDC-ASSW-L3M1-01,BMDC-DIST-MT1,1,Gig 1/0/48
BMDC-MGMT-A3,BMDC-DIST-MT1,1,Gig 1/0/48
BMDC-SW-DATACENTER,BMDC-DIST-MT1,1,Gig 1/0/48
BMDC-SW-MGMT-RAK-B1,BMDC-DIST-MT1,1,Gig 1/0/48
BMDRC-ACCSVR-RAKC5,BMDRC-AGGRSVR01,1,Gig 1/0/48
BMDRC-ACCSVR02-RAK-D06,BMDRC-AGGRSVR01,1,Gig 1/0/48
BMDRC-ACCSVR04-RAKC6,BMDRC-AGGRSVR01,1,Gig 1/0/48
CCPL-SW-01,CCPL-CORE-SW,1,Gig 1/0/48
CCPL-SW-02,CCPL-CORE-SW,1,Gig 1/0/48
CCPL-SW-03,CCPL-CORE-SW,1,Gig 1/0/48
CCPL-SW-04,CCPL-CORE-SW,1,Gig 1/0/48
CCPL-SW-05,CCPL-CORE-SW,1,Gig 1/0/48
MT2-LT10-SW-01,CORE-MT2,1,Gig 1/0/48
MT2-LT10-SW-02,CORE-MT2,1,Gig 1/0/48
MT2-LT10-SW-03,CORE-MT2,1,Gig 1/0/48
MT2-LT10-SW-04,CORE-MT2,1,Gig 1/0/48
MT2-LT10-SW-05,CORE-MT2,1,Gig 1/0/48
MT2-LT10-SW-06,CORE-MT2,1,Gig 1/0/48
MT2-LT15-04,CORE-MT2,1,Gig 1/0/48
SW-MT2-AUDIT1,CORE-MT2,1,Gig 1/0/48
SW-MT2-AUDIT2,CORE-MT2,1,Gig 1/0/48
SW-MT2-HRD,CORE-MT2,1,Gig 1/0/48
SW-MT2-IT2,CORE-MT2,1,Gig 1/0/48
SW-MT2-LT9,CORE-MT2,1,Gig 1/0/48
SW-MT2-LT9-02,CORE-MT2,1,Gig 1/0/48
SW-MT2-SVR,CORE-MT2,1,Gig 1/0/48
SW-RAKC4-15,BMDC-AGGSVR-02,1,Gig 1/0/48
BMDRC-ACCSVR01-RAK-D07,BMDRC-AGGRSVR01,1,Gig 1/0/49
BMDC-DIST-MT1,BMDC-CZ-DMZ-01,1,Gig 1/0/5
BMDC-EGSW-WAN,BMDC-P2P-02,1,Gig 1/0/5
BMDC-MGMT-A3,MYPD-SGO,1,Gig 1/0/5
BMDC-RAK-D1-DEV,BMDC-DEV-DMZ-SW-C4,1,Gig 1/0/5
BMDC-SW-EXT-OUT,MYPD-BH-EXT-DIMO,1,Gig 1/0/5
CORE-MT2,SW-MT2-LT9-02,1,Gig 1/0/5
BMDRC-ACCSVR01-RAK-D07,BMDRC-AGGRSVR01,1,Gig 1/0/50
BMDC-EGSW-WAN,BMDC-RTRWAN-03,1,Gig 1/0/6
BMDC-MGMT-A3,MYPD-TIFHONE,1,Gig 1/0/6
BMDC-RAK-D1-DEV,BMDC-DEV-DMZ-SW-C4,1,Gig 1/0/6
BMDC-SW-DATACENTER,BMDC-RTR-ISP2,1,Gig 1/0/6
BMDC-SW-MGMT-RAK-B1,SW-RAKC4-15,1,Gig 1/0/6
BMDC-SW-MGMT-RAK-B1,BMDC-EC-SW-DMZIB-T1,1,Gig 1/0/7
BMDRC-EDGE01,BMDRC-RTRH2H01,1,Gig 1/0/7
BMDC-F5-ISP-OUT,BMDC-RTR-ISP2,1,Gig 1/0/8
BMDC-MGMT-A3,ISR-IT-BACKUP,1,Gig 1/0/8
BMDC-SW-MGMT-RAK-B1,BMDC-EC-SW-DMZIB-T2,1,Gig 1/0/8
BMDRC-EDGE01,BMDRC-RTRH2H01,1,Gig 1/0/8
SW-JTPM,BMDC-SW-EXT-OUT,1,Gig 1/0/8
BMDC-DIST-MT1,BMDC-MGMT-A3,1,Gig 1/0/9
BMDC-MGMT-A3,MYPD-BI,1,Gig 1/0/9
BMDC-SW-MGMT-RAK-B1,BMDC-EC-SW-IB-CP,1,Gig 1/0/9
CORE-MT2,SW-MT2-21-04,1,Gig 1/1/1
CORE-MT2,SW-MT2-AUDIT1,1,Gig 1/1/2
CORE-MT2,SW-MT2-AUDIT2,1,Gig 1/1/3
CORE-MT2,SW-MT2-HRD,1,Gig 1/1/4
BMDC-F5-ISP-OUT,BMDC-F5-ISP-OUT,1,Gig 2/0/15
BMDC-SW-EXT-OUT,SW-JTPM,1,Gig 2/0/16
BMDC-F5-ISP-OUT,MYPD-LINKNET-IB,1,Gig 2/0/19
BMDC-F5-ISP-OUT,MYPD-LINKNET-IB,1,Gig 2/0/20
BMDC-EGSW-EC-01,BMDC-CORE-01,1,Gig 2/0/23
BMDC-EGSW-EC-01,BMDC-CORE-02,1,Gig 2/0/24
BMDC-F5-ISP-OUT,MikroTik,1,Gig 2/0/4
BMDC-F5-ISP-OUT,MAYAPADA-rt,1,Gig 2/0/7
BMDC-ACCSVR-N9K-RAKC1,BMDC-SW-MGMT-RAK-B1,1,mgmt0
BMDC-ACCSVR-N9K-RAKD1,BMDC-SW-MGMT-RAK-B1,1,mgmt0
BMDC-AGGSVR-01,BMDC-SW-MGMT-RAK-B1,1,mgmt0
BMDC-AGGSVR-02,BMDC-SW-MGMT-RAK-B1,1,mgmt0
BMDC-CORE-01,BMDC-SW-MGMT-RAK-B1,1,mgmt0
BMDC-CORE-02,BMDC-SW-MGMT-RAK-B1,1,mgmt0
BMDC-OTV-01,BMDC-SW-MGMT-RAK-B1,1,mgmt0
BMDC-OTV-02,BMDC-SW-MGMT-RAK-B1,1,mgmt0
BMDRC-AGGRSVR01,BMDRC-ACCSVR01-RAK-D07,1,mgmt0
BMDRC-CORE01,BMDRC-ACCSVR01-RAK-D07,1,mgmt0
BMDRC-OTV01,BMDRC-ACCSVR01-RAK-D07,1,mgmt0
BMDC-DIST-MT1,BMDC-CORE-01,1,Ten 1/1/3
BMDC-DIST-MT1,BMDC-CORE-02,1,Ten 1/1/4
